,index,peak_reward,bss_cycles
0,gt,0.21161251615108845,78.0
1,forecast,0.1455014296372201,64.5
