,index,peak_reward,bss_cycles
0,gt,0.2130921843306679,138.5
1,forecast,0.14378454750441177,139.5
