,index,peak_reward,bss_cycles
0,gt,0.1902309684318564,71.5
1,forecast,0.15985981752081124,64.5
