,index,peak_reward,bss_cycles
0,gt,0.18573963738022126,86.0
1,forecast,0.1571312391083786,110.0
