,index,peak_reward,bss_cycles
0,gt,0.18573963738022126,86.0
1,forecast,0.1752703016975482,96.5
