,index,peak_reward,bss_cycles
0,gt,0.1502587246780217,54.5
1,forecast,0.17569986024836567,103.0
