,index,peak_cost,bss_cycles
0,gt,0.460611977966887,54.0
1,forecast,0.4539436139591021,104.0
