,index,peak_reward,bss_cycles
0,gt,0.1625958165139505,54.5
1,forecast,0.1684151459458123,85.5
