,index,peak_reward,bss_cycles
0,gt,0.20481373167705363,57.0
1,forecast,0.0993861836841729,70.0
