,index,peak_reward,bss_cycles
0,gt,0.23952144598123418,51.5
1,forecast,0.11369360648776866,61.5
