,index,peak_reward,bss_cycles
0,gt,0.20940041513234522,9.5
1,forecast,0.032229734835111414,8.0
