,index,peak_reward,bss_cycles
0,gt,0.2710645402204633,8.0
1,forecast,-0.02787883995078302,6.0
