,horizon,peak,tier1,tier2,total
XGBModel_4 Hours Ahead (kW),4.0,74.5800139,107.3072366473942,79.750559013225,261.6378095606192
