,index,peak_reward,bss_cycles
0,gt,0.24815402375578394,71.0
1,forecast,0.17377879440087596,41.5
