,index,peak_reward,bss_cycles
0,gt,0.24668758356480555,73.5
1,forecast,0.20968529096619967,65.0
