,index,peak_reward,bss_cycles
0,gt,0.2163371614316659,131.5
1,forecast,0.20059411978556638,121.5
