,index,peak_reward,bss_cycles
0,gt,0.23015406457433996,82.0
1,forecast,0.19429277929132152,81.0
